,month,hour,times,watts
0,1,0,2019-07-17 12:11:00.000000,0.0
1,1,1,2019-07-17 13:11:00.000000,0.0
2,1,2,2019-07-17 14:11:00.000000,0.0
3,1,3,2019-07-17 15:11:00.000000,0.0
4,1,4,2019-07-17 16:11:00.000000,0.0
5,1,5,2019-07-17 17:11:00.000000,0.0
6,1,6,2019-07-17 18:11:00.000000,0.0
7,1,7,2019-07-17 19:11:00.000000,0.0
8,1,8,2019-07-17 20:11:00.000000,197.8548387096774
9,1,9,2019-07-17 21:11:00.000000,417.4483870967742
10,1,10,2019-07-17 22:11:00.000000,543.6419354838711
11,1,11,2019-07-17 23:11:00.000000,625.0516129032258
12,1,12,2019-07-18 00:11:00.000000,611.9161290322581
13,1,13,2019-07-18 01:11:00.000000,447.2129032258065
14,1,14,2019-07-18 02:11:00.000000,205.7258064516129
15,1,15,2019-07-18 03:11:00.000000,4.395161290322581
16,1,16,2019-07-18 04:11:00.000000,0.0
17,1,17,2019-07-18 05:11:00.000000,0.0
18,1,18,2019-07-18 06:11:00.000000,0.0
19,1,19,2019-07-18 07:11:00.000000,0.0
20,1,20,2019-07-18 08:11:00.000000,0.0
21,1,21,2019-07-18 09:11:00.000000,0.0
22,1,22,2019-07-18 10:11:00.000000,0.0
23,1,23,2019-07-18 11:11:00.000000,0.0
24,2,0,2019-08-19 11:07:50.526315,0.0
25,2,1,2019-08-19 12:07:50.526315,0.0
26,2,2,2019-08-19 13:07:50.526315,0.0
27,2,3,2019-08-19 14:07:50.526315,0.0
28,2,4,2019-08-19 15:07:50.526315,0.0
29,2,5,2019-08-19 16:07:50.526315,0.0
30,2,6,2019-08-19 17:07:50.526315,0.0
31,2,7,2019-08-19 18:07:50.526315,144.17719298245615
32,2,8,2019-08-19 19:07:50.526315,492.75087719298244
33,2,9,2019-08-19 20:07:50.526315,691.6614035087719
34,2,10,2019-08-19 21:07:50.526315,853.6333333333333
35,2,11,2019-08-19 22:07:50.526315,893.1578947368421
36,2,12,2019-08-19 23:07:50.526315,815.3035087719298
37,2,13,2019-08-20 00:07:50.526315,701.780701754386
38,2,14,2019-08-20 01:07:50.526315,529.838596491228
39,2,15,2019-08-20 02:07:50.526315,229.7140350877193
40,2,16,2019-08-20 03:07:50.526315,5.250877192982457
41,2,17,2019-08-20 04:07:50.526315,0.0
42,2,18,2019-08-20 05:07:50.526315,0.0
43,2,19,2019-08-20 06:07:50.526315,0.0
44,2,20,2019-08-20 07:07:50.526315,0.0
45,2,21,2019-08-20 08:07:50.526315,0.0
46,2,22,2019-08-20 09:07:50.526315,0.0
47,2,23,2019-08-20 10:07:50.526315,0.0
48,3,0,2019-09-15 00:11:00.000000,0.0
49,3,1,2019-09-15 01:11:00.000000,0.0
50,3,2,2019-09-15 02:11:00.000000,0.0
51,3,3,2019-09-15 03:11:00.000000,0.0
52,3,4,2019-09-15 04:11:00.000000,0.0
53,3,5,2019-09-15 05:11:00.000000,2.388709677419355
54,3,6,2019-09-15 06:11:00.000000,236.32096774193548
55,3,7,2019-09-15 07:11:00.000000,763.1887096774193
56,3,8,2019-09-15 08:11:00.000000,1279.0677419354838
57,3,9,2019-09-15 09:11:00.000000,1655.3790322580646
58,3,10,2019-09-15 10:11:00.000000,1802.5403225806451
59,3,11,2019-09-15 11:11:00.000000,1842.5193548387097
60,3,12,2019-09-15 12:11:00.000000,1731.4258064516127
61,3,13,2019-09-15 13:11:00.000000,1510.9483870967742
62,3,14,2019-09-15 14:11:00.000000,1216.3225806451612
63,3,15,2019-09-15 15:11:00.000000,770.1774193548387
64,3,16,2019-09-15 16:11:00.000000,296.7467741935484
65,3,17,2019-09-15 17:11:00.000000,0.3709677419354839
66,3,18,2019-09-15 18:11:00.000000,0.0
67,3,19,2019-09-15 19:11:00.000000,0.0
68,3,20,2019-09-15 20:11:00.000000,0.0
69,3,21,2019-09-15 21:11:00.000000,0.0
70,3,22,2019-09-15 22:11:00.000000,0.0
71,3,23,2019-09-15 23:11:00.000000,0.0
72,4,0,2019-10-15 12:11:00.000000,0.0
73,4,1,2019-10-15 13:11:00.000000,0.0
74,4,2,2019-10-15 14:11:00.000000,0.0
75,4,3,2019-10-15 15:11:00.000000,0.0
76,4,4,2019-10-15 16:11:00.000000,2.865
77,4,5,2019-10-15 17:11:00.000000,546.1650000000001
78,4,6,2019-10-15 18:11:00.000000,1376.2766666666669
79,4,7,2019-10-15 19:11:00.000000,2166.0866666666666
80,4,8,2019-10-15 20:11:00.000000,2828.9566666666665
81,4,9,2019-10-15 21:11:00.000000,3367.383333333333
82,4,10,2019-10-15 22:11:00.000000,3668.8233333333333
83,4,11,2019-10-15 23:11:00.000000,3724.1066666666666
84,4,12,2019-10-16 00:11:00.000000,3451.5666666666666
85,4,13,2019-10-16 01:11:00.000000,3134.9950000000003
86,4,14,2019-10-16 02:11:00.000000,2619.605
87,4,15,2019-10-16 03:11:00.000000,1947.215
88,4,16,2019-10-16 04:11:00.000000,1219.4550000000002
89,4,17,2019-10-16 05:11:00.000000,395.0733333333334
90,4,18,2019-10-16 06:11:00.000000,0.0
91,4,19,2019-10-16 07:11:00.000000,0.0
92,4,20,2019-10-16 08:11:00.000000,0.0
93,4,21,2019-10-16 09:11:00.000000,0.0
94,4,22,2019-10-16 10:11:00.000000,0.0
95,4,23,2019-10-16 11:11:00.000000,0.0
96,5,0,2019-11-15 00:11:00.000000,0.0
97,5,1,2019-11-15 01:11:00.000000,0.0
98,5,2,2019-11-15 02:11:00.000000,0.0
99,5,3,2019-11-15 03:11:00.000000,0.0
100,5,4,2019-11-15 04:11:00.000000,404.81774193548387
101,5,5,2019-11-15 05:11:00.000000,1187.335483870968
102,5,6,2019-11-15 06:11:00.000000,2105.567741935484
103,5,7,2019-11-15 07:11:00.000000,2878.1483870967745
104,5,8,2019-11-15 08:11:00.000000,3452.690322580645
105,5,9,2019-11-15 09:11:00.000000,3761.0
106,5,10,2019-11-15 10:11:00.000000,3698.372580645161
107,5,11,2019-11-15 11:11:00.000000,3721.3596774193547
108,5,12,2019-11-15 12:11:00.000000,3634.775806451613
109,5,13,2019-11-15 13:11:00.000000,3115.4758064516127
110,5,14,2019-11-15 14:11:00.000000,2615.325806451613
111,5,15,2019-11-15 15:11:00.000000,2307.7532258064516
112,5,16,2019-11-15 16:11:00.000000,1647.3145161290322
113,5,17,2019-11-15 17:11:00.000000,1029.6983870967742
114,5,18,2019-11-15 18:11:00.000000,247.08225806451614
115,5,19,2019-11-15 19:11:00.000000,0.0
116,5,20,2019-11-15 20:11:00.000000,0.0
117,5,21,2019-11-15 21:11:00.000000,0.0
118,5,22,2019-11-15 22:11:00.000000,0.0
119,5,23,2019-11-15 23:11:00.000000,0.0
120,6,0,2019-12-15 12:11:00.000000,0.0
121,6,1,2019-12-15 13:11:00.000000,0.0
122,6,2,2019-12-15 14:11:00.000000,0.0
123,6,3,2019-12-15 15:11:00.000000,3.831666666666666
124,6,4,2019-12-15 16:11:00.000000,578.42
125,6,5,2019-12-15 17:11:00.000000,1569.59
126,6,6,2019-12-15 18:11:00.000000,2434.8683333333333
127,6,7,2019-12-15 19:11:00.000000,3200.338333333333
128,6,8,2019-12-15 20:11:00.000000,3839.991666666667
129,6,9,2019-12-15 21:11:00.000000,4249.4366666666665
130,6,10,2019-12-15 22:11:00.000000,4353.285
131,6,11,2019-12-15 23:11:00.000000,4207.303333333333
132,6,12,2019-12-16 00:11:00.000000,4019.58
133,6,13,2019-12-16 01:11:00.000000,3723.6916666666666
134,6,14,2019-12-16 02:11:00.000000,3390.1299999999997
135,6,15,2019-12-16 03:11:00.000000,2818.2200000000003
136,6,16,2019-12-16 04:11:00.000000,2215.7166666666667
137,6,17,2019-12-16 05:11:00.000000,1349.305
138,6,18,2019-12-16 06:11:00.000000,684.0966666666667
139,6,19,2019-12-16 07:11:00.000000,0.0
140,6,20,2019-12-16 08:11:00.000000,0.0
141,6,21,2019-12-16 09:11:00.000000,0.0
142,6,22,2019-12-16 10:11:00.000000,0.0
143,6,23,2019-12-16 11:11:00.000000,0.0
144,7,0,2020-01-15 00:11:00.000000,0.0
145,7,1,2020-01-15 01:11:00.000000,0.0
146,7,2,2020-01-15 02:11:00.000000,0.0
147,7,3,2020-01-15 03:11:00.000000,0.0
148,7,4,2020-01-15 04:11:00.000000,317.8048387096774
149,7,5,2020-01-15 05:11:00.000000,1130.0483870967741
150,7,6,2020-01-15 06:11:00.000000,2075.6370967741937
151,7,7,2020-01-15 07:11:00.000000,2780.6725806451614
152,7,8,2020-01-15 08:11:00.000000,3354.608064516129
153,7,9,2020-01-15 09:11:00.000000,3615.8048387096774
154,7,10,2020-01-15 10:11:00.000000,3605.6693548387098
155,7,11,2020-01-15 11:11:00.000000,3638.809677419355
156,7,12,2020-01-15 12:11:00.000000,3570.0693548387094
157,7,13,2020-01-15 13:11:00.000000,3230.3806451612904
158,7,14,2020-01-15 14:11:00.000000,2902.7306451612903
159,7,15,2020-01-15 15:11:00.000000,2656.8435483870967
160,7,16,2020-01-15 16:11:00.000000,1927.866129032258
161,7,17,2020-01-15 17:11:00.000000,1188.4032258064517
162,7,18,2020-01-15 18:11:00.000000,510.2887096774194
163,7,19,2020-01-15 19:11:00.000000,0.0
164,7,20,2020-01-15 20:11:00.000000,0.0
165,7,21,2020-01-15 21:11:00.000000,0.0
166,7,22,2020-01-15 22:11:00.000000,0.0
167,7,23,2020-01-15 23:11:00.000000,0.0
168,8,0,2020-02-15 00:11:00.000000,0.0
169,8,1,2020-02-15 01:11:00.000000,0.0
170,8,2,2020-02-15 02:11:00.000000,0.0
171,8,3,2020-02-15 03:11:00.000000,0.0
172,8,4,2020-02-15 04:11:00.000000,24.42258064516129
173,8,5,2020-02-15 05:11:00.000000,568.3951612903226
174,8,6,2020-02-15 06:11:00.000000,1367.2903225806451
175,8,7,2020-02-15 07:11:00.000000,2114.7790322580645
176,8,8,2020-02-15 08:11:00.000000,2743.493548387097
177,8,9,2020-02-15 09:11:00.000000,3240.0209677419352
178,8,10,2020-02-15 10:11:00.000000,3309.9048387096777
179,8,11,2020-02-15 11:11:00.000000,3381.3645161290324
180,8,12,2020-02-15 12:11:00.000000,3181.6725806451614
181,8,13,2020-02-15 13:11:00.000000,2796.217741935484
182,8,14,2020-02-15 14:11:00.000000,2335.622580645161
183,8,15,2020-02-15 15:11:00.000000,1854.7290322580645
184,8,16,2020-02-15 16:11:00.000000,1168.9645161290323
185,8,17,2020-02-15 17:11:00.000000,591.6774193548387
186,8,18,2020-02-15 18:11:00.000000,54.556451612903224
187,8,19,2020-02-15 19:11:00.000000,0.0
188,8,20,2020-02-15 20:11:00.000000,0.0
189,8,21,2020-02-15 21:11:00.000000,0.0
190,8,22,2020-02-15 22:11:00.000000,0.0
191,8,23,2020-02-15 23:11:00.000000,0.0
192,9,0,2020-03-16 12:11:00.000000,0.0
193,9,1,2020-03-16 13:11:00.000000,0.0
194,9,2,2020-03-16 14:11:00.000000,0.0
195,9,3,2020-03-16 15:11:00.000000,0.0
196,9,4,2020-03-16 16:11:00.000000,0.0
197,9,5,2020-03-16 17:11:00.000000,83.55666666666666
198,9,6,2020-03-16 18:11:00.000000,644.6983333333334
199,9,7,2020-03-16 19:11:00.000000,1304.3483333333331
200,9,8,2020-03-16 20:11:00.000000,1804.4183333333335
201,9,9,2020-03-16 21:11:00.000000,2099.8883333333333
202,9,10,2020-03-16 22:11:00.000000,2346.7816666666668
203,9,11,2020-03-16 23:11:00.000000,2326.05
204,9,12,2020-03-17 00:11:00.000000,2219.3
205,9,13,2020-03-17 01:11:00.000000,2011.84
206,9,14,2020-03-17 02:11:00.000000,1500.445
207,9,15,2020-03-17 03:11:00.000000,1026.6816666666666
208,9,16,2020-03-17 04:11:00.000000,443.96666666666664
209,9,17,2020-03-17 05:11:00.000000,31.658333333333335
210,9,18,2020-03-17 06:11:00.000000,0.0
211,9,19,2020-03-17 07:11:00.000000,0.0
212,9,20,2020-03-17 08:11:00.000000,0.0
213,9,21,2020-03-17 09:11:00.000000,0.0
214,9,22,2020-03-17 10:11:00.000000,0.0
215,9,23,2020-03-17 11:11:00.000000,0.0
216,10,0,2020-04-16 00:11:00.000000,0.0
217,10,1,2020-04-16 01:11:00.000000,0.0
218,10,2,2020-04-16 02:11:00.000000,0.0
219,10,3,2020-04-16 03:11:00.000000,0.0
220,10,4,2020-04-16 04:11:00.000000,0.0
221,10,5,2020-04-16 05:11:00.000000,0.0
222,10,6,2020-04-16 06:11:00.000000,104.20322580645161
223,10,7,2020-04-16 07:11:00.000000,485.03225806451616
224,10,8,2020-04-16 08:11:00.000000,808.5064516129032
225,10,9,2020-04-16 09:11:00.000000,1051.425806451613
226,10,10,2020-04-16 10:11:00.000000,1211.4887096774194
227,10,11,2020-04-16 11:11:00.000000,1214.9209677419356
228,10,12,2020-04-16 12:11:00.000000,1040.4741935483871
229,10,13,2020-04-16 13:11:00.000000,858.6080645161289
230,10,14,2020-04-16 14:11:00.000000,560.3967741935484
231,10,15,2020-04-16 15:11:00.000000,224.44838709677418
232,10,16,2020-04-16 16:11:00.000000,7.819354838709677
233,10,17,2020-04-16 17:11:00.000000,0.0
234,10,18,2020-04-16 18:11:00.000000,0.0
235,10,19,2020-04-16 19:11:00.000000,0.0
236,10,20,2020-04-16 20:11:00.000000,0.0
237,10,21,2020-04-16 21:11:00.000000,0.0
238,10,22,2020-04-16 22:11:00.000000,0.0
239,10,23,2020-04-16 23:11:00.000000,0.0
240,11,0,2020-05-16 12:11:00.000000,0.0
241,11,1,2020-05-16 13:11:00.000000,0.0
242,11,2,2020-05-16 14:11:00.000000,0.0
243,11,3,2020-05-16 15:11:00.000000,0.0
244,11,4,2020-05-16 16:11:00.000000,0.0
245,11,5,2020-05-16 17:11:00.000000,0.0
246,11,6,2020-05-16 18:11:00.000000,0.0
247,11,7,2020-05-16 19:11:00.000000,89.27
248,11,8,2020-05-16 20:11:00.000000,384.2566666666667
249,11,9,2020-05-16 21:11:00.000000,517.13
250,11,10,2020-05-16 22:11:00.000000,651.6083333333333
251,11,11,2020-05-16 23:11:00.000000,688.4083333333333
252,11,12,2020-05-17 00:11:00.000000,631.8033333333333
253,11,13,2020-05-17 01:11:00.000000,463.095
254,11,14,2020-05-17 02:11:00.000000,190.52
255,11,15,2020-05-17 03:11:00.000000,1.2033333333333334
256,11,16,2020-05-17 04:11:00.000000,0.0
257,11,17,2020-05-17 05:11:00.000000,0.0
258,11,18,2020-05-17 06:11:00.000000,0.0
259,11,19,2020-05-17 07:11:00.000000,0.0
260,11,20,2020-05-17 08:11:00.000000,0.0
261,11,21,2020-05-17 09:11:00.000000,0.0
262,11,22,2020-05-17 10:11:00.000000,0.0
263,11,23,2020-05-17 11:11:00.000000,0.0
264,12,0,2020-06-16 00:11:00.000000,0.0
265,12,1,2020-06-16 01:11:00.000000,0.0
266,12,2,2020-06-16 02:11:00.000000,0.0
267,12,3,2020-06-16 03:11:00.000000,0.0
268,12,4,2020-06-16 04:11:00.000000,0.0
269,12,5,2020-06-16 05:11:00.000000,0.0
270,12,6,2020-06-16 06:11:00.000000,0.0
271,12,7,2020-06-16 07:11:00.000000,0.0
272,12,8,2020-06-16 08:11:00.000000,169.05967741935484
273,12,9,2020-06-16 09:11:00.000000,406.19354838709677
274,12,10,2020-06-16 10:11:00.000000,522.8903225806451
275,12,11,2020-06-16 11:11:00.000000,541.3177419354838
276,12,12,2020-06-16 12:11:00.000000,470.5516129032258
277,12,13,2020-06-16 13:11:00.000000,325.9612903225806
278,12,14,2020-06-16 14:11:00.000000,76.08709677419354
279,12,15,2020-06-16 15:11:00.000000,0.0
280,12,16,2020-06-16 16:11:00.000000,0.0
281,12,17,2020-06-16 17:11:00.000000,0.0
282,12,18,2020-06-16 18:11:00.000000,0.0
283,12,19,2020-06-16 19:11:00.000000,0.0
284,12,20,2020-06-16 20:11:00.000000,0.0
285,12,21,2020-06-16 21:11:00.000000,0.0
286,12,22,2020-06-16 22:11:00.000000,0.0
287,12,23,2020-06-16 23:11:00.000000,0.0
